﻿421
0
Assets/Illusion/assetbundle/chara/list/characustom/00/mt_body_paint_00.bytes
ID,Kind,Possess,Name,MainAB,PaintTex,ThumbAB,ThumbTex
01,0,1,Birthmark 1,chara/birthmark.unity3d,birthmark01_clamp,chara/thumb/birthmark.unity3d,birthmark01_thumb
02,0,1,Birthmark 2 Mole,chara/birthmark.unity3d,birthmark02_clamp,chara/thumb/birthmark.unity3d,birthmark02_thumb
03,0,1,Birthmark 3 Double Mole,chara/birthmark.unity3d,birthmark03_clamp,chara/thumb/birthmark.unity3d,birthmark03_thumb
04,0,1,Birthmark 4 Tiny Heart,chara/birthmark.unity3d,birthmark04_clamp,chara/thumb/birthmark.unity3d,birthmark04_thumb